Year,Agriculture,Mining,Utilities
2003,37204.5283,36297.29216,34590.96698
2002,43702.64382,42503.5679,40923.76989
2001,46400.09844,45085.12033,43297.39951
